,Job Title,Company Name,Job Location
0,Python Tech lead,Tata Consultancy Services,"Tata Consultancy Services · Mumbai, Maharashtra, India · 3 weeks ago · 64 applicants"
1,Python ETL developer,HTC Global Services,"HTC Global Services · Chennai, Tamil Nadu, India · 2 weeks ago · Over 100 applicants"
2,Data Engineer (Python),TELUS International India,"TELUS International India · Noida, Uttar Pradesh, India · Reposted 1 month ago · Over 100 applicants"
3,Datastage Developer,Tata Consultancy Services,"Tata Consultancy Services · Bengaluru, Karnataka, India · Reposted 1 week ago · Over 100 applicants"
4,AI Specialist- LLMs and RAG,ScaleGenAI,ScaleGenAI · India · 5 days ago · Over 100 applicants
5,Lead Software Engineer (Web Scraping),Infiniti Research Ltd.,"Infiniti Research Ltd. · Bangalore Urban, Karnataka, India · 1 week ago · 54 applicants"
6,Search Engine Optimization Executive,ASEUM INFOTECH PVT LTD,"ASEUM INFOTECH PVT LTD · Ahmedabad, Gujarat, India · 2 weeks ago · Over 100 applicants"
7,Splunk Developer/Admin,Tata Consultancy Services,"Tata Consultancy Services · Pune, Maharashtra, India · 3 weeks ago · Over 100 applicants"
8,Web Specialist,Foresiet,Foresiet · India · 1 week ago · Over 100 applicants
9,IICS Developer,Tata Consultancy Services,"Tata Consultancy Services · Mumbai, Maharashtra, India · 6 days ago · 58 applicants"
10,Web Scraping Engineer,Stealth AI Startup,Stealth AI Startup · India · 2 weeks ago · Over 100 applicants
11,OAC Report Developer,Heuristics Informatics Pvt. Ltd.,"Heuristics Informatics Pvt. Ltd. · Gurugram, Haryana, India · 3 weeks ago · Over 100 applicants"
12,Senior Web Scraper - Remote,Adit,Adit · India · 1 week ago · 94 applicants
13,Web Scraper – Fresher,Sustainability Economics,"Sustainability Economics · Bengaluru, Karnataka, India · 4 days ago · Over 100 applicants"
14,Python-Web Scraping,Infiniti Research Ltd.,"Infiniti Research Ltd. · Bengaluru, Karnataka, India · 1 week ago · 99 applicants"
15,Interesting Job Opportunity: Python Intern - Django/Flask,Mobifly ,"Mobifly  · Delhi Cantonment, Delhi, India · 18 hours ago · 41 applicants"
16,Search Engine Optimization Specialist,Throttll,"Throttll · Jaipur, Rajasthan, India · 1 week ago · Over 100 applicants"
17,Lead Software Engineer (Python + Web Scraping),Infiniti Research Ltd.,"Infiniti Research Ltd. · Bengaluru, Karnataka, India · Reposted 6 days ago · 97 applicants"
18,Python Automation,KPIT,KPIT · Greater Bengaluru Area · 2 weeks ago · Over 100 applicants
19,Solumina Developer (Contract),Smart IT Frame LLC,"Smart IT Frame LLC · Chennai, Tamil Nadu, India · 3 weeks ago · Over 100 applicants"
20,Internship - Web Development,Doutya Technologies,Doutya Technologies · India · 10 minutes ago · 31 applicants
21,Python Developer,Truelancer.com,"Truelancer.com · Noida, Uttar Pradesh, India · 1 day ago · Over 100 applicants"
22,Technical Lead,ToneOpFit,"ToneOpFit · Bhopal, Madhya Pradesh, India · 3 weeks ago · Over 100 applicants"
23,Growth Hacker,Klizo Solutions Pvt Ltd,"Klizo Solutions Pvt Ltd · Kolkata, West Bengal, India · 2 months ago · Over 100 applicants"
24,Django/ Python Trainee,AccuKnox,AccuKnox · India · 4 weeks ago · Over 100 applicants
